"","wage","education","experience","age","ethnicity","region","gender","occupation","sector","union","married","experience2"
"1",5.1,8,21,35,"hispanic","other","female","worker","manufacturing","no","yes",441
"2",4.95,9,42,57,"cauc","other","female","worker","manufacturing","no","yes",1764
"3",6.67,12,1,19,"cauc","other","male","worker","manufacturing","no","no",1
"4",4,12,4,22,"cauc","other","male","worker","other","no","no",16
"5",7.5,12,17,35,"cauc","other","male","worker","other","no","yes",289
"6",13.07,13,9,28,"cauc","other","male","worker","other","yes","no",81
"7",4.45,10,27,43,"cauc","south","male","worker","other","no","no",729
"8",19.47,12,9,27,"cauc","other","male","worker","other","no","no",81
"9",13.28,16,11,33,"cauc","other","male","worker","manufacturing","no","yes",121
"10",8.75,12,9,27,"cauc","other","male","worker","other","no","no",81
"11",11.35,12,17,35,"cauc","other","male","worker","other","yes","yes",289
"12",11.5,12,19,37,"cauc","other","male","worker","manufacturing","yes","no",361
"13",6.5,8,27,41,"cauc","south","male","worker","other","no","yes",729
"14",6.25,9,30,45,"cauc","south","male","worker","other","yes","no",900
"15",19.98,9,29,44,"cauc","south","male","worker","other","no","yes",841
"16",7.3,12,37,55,"cauc","other","male","worker","construction","no","yes",1369
"17",8,7,44,57,"cauc","south","male","worker","other","no","yes",1936
"18",22.2,12,26,44,"cauc","other","male","worker","manufacturing","yes","yes",676
"19",3.65,11,16,33,"cauc","other","male","worker","other","no","no",256
"20",20.55,12,33,51,"cauc","other","male","worker","other","no","yes",1089
"21",5.71,12,16,34,"cauc","other","female","worker","manufacturing","yes","yes",256
"22",7,7,42,55,"other","other","male","worker","manufacturing","yes","yes",1764
"23",3.75,12,9,27,"cauc","other","male","worker","other","no","no",81
"24",4.5,11,14,31,"other","south","male","worker","other","no","yes",196
"25",9.56,12,23,41,"cauc","other","male","worker","other","no","yes",529
"26",5.75,6,45,57,"cauc","south","male","worker","manufacturing","no","yes",2025
"27",9.36,12,8,26,"cauc","other","male","worker","manufacturing","no","yes",64
"28",6.5,10,30,46,"cauc","other","male","worker","other","no","yes",900
"29",3.35,12,8,26,"cauc","other","female","worker","manufacturing","no","yes",64
"30",4.75,12,8,26,"cauc","other","male","worker","other","no","yes",64
"31",8.9,14,13,33,"cauc","other","male","worker","other","no","no",169
"32",4,12,46,64,"cauc","south","female","worker","other","no","no",2116
"33",4.7,8,19,33,"cauc","other","male","worker","other","no","yes",361
"34",5,17,1,24,"cauc","south","female","worker","other","no","no",1
"35",9.25,12,19,37,"cauc","other","male","worker","manufacturing","no","no",361
"36",10.67,12,36,54,"other","other","male","worker","other","no","no",1296
"37",7.61,12,20,38,"other","south","male","worker","construction","no","yes",400
"38",10,12,35,53,"other","other","male","worker","construction","yes","yes",1225
"39",7.5,12,3,21,"cauc","other","male","worker","other","no","no",9
"40",12.2,14,10,30,"cauc","south","male","worker","manufacturing","no","yes",100
"41",3.35,12,0,18,"cauc","other","male","worker","other","no","no",0
"42",11,14,14,34,"cauc","south","male","worker","manufacturing","yes","yes",196
"43",12,12,14,32,"cauc","other","male","worker","manufacturing","no","yes",196
"44",4.85,9,16,31,"cauc","other","female","worker","manufacturing","no","yes",256
"45",4.3,13,8,27,"cauc","south","male","worker","construction","no","no",64
"46",6,7,15,28,"cauc","south","female","worker","manufacturing","no","yes",225
"47",15,16,12,34,"cauc","other","male","worker","manufacturing","no","yes",144
"48",4.85,10,13,29,"cauc","south","male","worker","other","no","no",169
"49",9,8,33,47,"cauc","other","male","worker","other","yes","yes",1089
"50",6.36,12,9,27,"cauc","other","male","worker","manufacturing","no","yes",81
"51",9.15,12,7,25,"cauc","other","male","worker","other","no","yes",49
"52",11,16,13,35,"cauc","other","male","worker","manufacturing","yes","yes",169
"53",4.5,12,7,25,"cauc","other","female","worker","manufacturing","no","yes",49
"54",4.8,12,16,34,"cauc","other","female","worker","manufacturing","no","yes",256
"55",4,13,0,19,"cauc","other","male","worker","other","no","no",0
"56",5.5,12,11,29,"cauc","other","female","worker","manufacturing","no","no",121
"57",8.4,13,17,36,"cauc","other","male","worker","manufacturing","no","no",289
"58",6.75,10,13,29,"cauc","other","male","worker","manufacturing","no","yes",169
"59",10,12,22,40,"other","other","male","worker","manufacturing","yes","no",484
"60",5,12,28,46,"cauc","other","female","worker","manufacturing","no","yes",784
"61",6.5,11,17,34,"cauc","other","male","worker","other","no","no",289
"62",10.75,12,24,42,"cauc","other","male","worker","construction","yes","yes",576
"63",7,3,55,64,"hispanic","south","male","worker","manufacturing","no","yes",3025
"64",11.43,12,3,21,"cauc","south","male","worker","construction","no","no",9
"65",4,12,6,24,"other","other","male","worker","manufacturing","yes","no",36
"66",9,10,27,43,"cauc","other","male","worker","construction","no","yes",729
"67",13,12,19,37,"other","south","male","worker","manufacturing","yes","yes",361
"68",12.22,12,19,37,"cauc","other","male","worker","construction","yes","yes",361
"69",6.28,12,38,56,"cauc","other","female","worker","manufacturing","no","yes",1444
"70",6.75,10,41,57,"other","south","male","worker","manufacturing","yes","yes",1681
"71",3.35,11,3,20,"other","south","male","worker","manufacturing","no","no",9
"72",16,14,20,40,"cauc","other","male","worker","other","yes","yes",400
"73",5.25,10,15,31,"cauc","other","male","worker","other","no","yes",225
"74",3.5,8,8,22,"hispanic","south","male","worker","manufacturing","no","yes",64
"75",4.22,8,39,53,"cauc","south","female","worker","manufacturing","no","yes",1521
"76",3,6,43,55,"hispanic","other","female","worker","manufacturing","yes","yes",1849
"77",4,11,25,42,"cauc","south","female","worker","manufacturing","yes","yes",625
"78",10,12,11,29,"cauc","other","male","worker","other","yes","yes",121
"79",5,12,12,30,"other","other","male","worker","other","no","yes",144
"80",16,12,35,53,"cauc","south","male","worker","manufacturing","yes","yes",1225
"81",13.98,14,14,34,"cauc","other","male","worker","other","no","no",196
"82",13.26,12,16,34,"cauc","other","male","worker","other","yes","yes",256
"83",6.1,10,44,60,"cauc","other","female","worker","manufacturing","yes","no",1936
"84",3.75,16,13,35,"cauc","south","female","worker","other","no","no",169
"85",9,13,8,27,"other","other","male","worker","manufacturing","yes","no",64
"86",9.45,12,13,31,"cauc","other","male","worker","manufacturing","no","no",169
"87",5.5,11,18,35,"cauc","other","male","worker","other","yes","yes",324
"88",8.93,12,18,36,"cauc","other","female","worker","other","no","yes",324
"89",6.25,12,6,24,"cauc","south","female","worker","other","no","no",36
"90",9.75,11,37,54,"cauc","south","male","worker","manufacturing","yes","yes",1369
"91",6.73,12,2,20,"cauc","south","male","worker","manufacturing","no","yes",4
"92",7.78,12,23,41,"cauc","other","male","worker","manufacturing","no","yes",529
"93",2.85,12,1,19,"cauc","other","male","worker","other","no","no",1
"94",3.35,12,10,28,"other","south","female","worker","manufacturing","no","yes",100
"95",19.98,12,23,41,"cauc","other","male","worker","manufacturing","no","yes",529
"96",8.5,12,8,26,"other","other","male","worker","other","yes","yes",64
"97",9.75,15,9,30,"cauc","other","female","worker","manufacturing","no","yes",81
"98",15,12,33,51,"cauc","other","male","worker","construction","yes","yes",1089
"99",8,12,19,37,"cauc","other","female","worker","manufacturing","no","yes",361
"100",11.25,13,14,33,"cauc","other","male","worker","other","no","yes",196
"101",14,11,13,30,"cauc","other","male","worker","other","yes","yes",169
"102",10,10,12,28,"cauc","other","male","worker","construction","no","yes",144
"103",6.5,12,8,26,"cauc","other","male","worker","other","no","no",64
"104",9.83,12,23,41,"cauc","other","male","worker","manufacturing","no","yes",529
"105",18.5,14,13,33,"cauc","other","female","worker","manufacturing","no","no",169
"106",12.5,12,9,27,"cauc","south","male","worker","other","no","yes",81
"107",26,14,21,41,"cauc","other","male","worker","other","yes","yes",441
"108",14,5,44,55,"cauc","south","male","worker","construction","no","yes",1936
"109",10.5,12,4,22,"cauc","other","male","worker","other","yes","yes",16
"110",11,8,42,56,"cauc","other","male","worker","manufacturing","no","yes",1764
"111",12.47,13,10,29,"cauc","other","male","worker","other","yes","yes",100
"112",12.5,12,11,29,"cauc","other","male","worker","construction","no","no",121
"113",15,12,40,58,"cauc","other","male","worker","construction","yes","yes",1600
"114",6,12,8,26,"cauc","other","male","worker","construction","no","no",64
"115",9.5,11,29,46,"cauc","south","male","worker","construction","no","yes",841
"116",5,16,3,25,"cauc","other","male","worker","other","yes","no",9
"117",3.75,11,11,28,"cauc","other","male","worker","construction","no","no",121
"118",12.57,12,12,30,"cauc","other","male","worker","other","yes","yes",144
"119",6.88,8,22,36,"hispanic","other","female","worker","other","no","yes",484
"120",5.5,12,12,30,"cauc","other","male","worker","other","no","yes",144
"121",7,12,7,25,"cauc","other","male","worker","other","yes","yes",49
"122",4.5,12,15,33,"cauc","other","female","worker","manufacturing","no","no",225
"123",6.5,12,28,46,"cauc","other","male","worker","other","no","yes",784
"124",12,12,20,38,"cauc","south","male","worker","manufacturing","yes","yes",400
"125",5,12,6,24,"cauc","south","male","worker","construction","no","no",36
"126",6.5,12,5,23,"cauc","south","male","worker","manufacturing","no","no",25
"127",6.8,9,30,45,"cauc","south","female","worker","manufacturing","no","yes",900
"128",8.75,13,18,37,"cauc","other","male","worker","other","no","yes",324
"129",3.75,12,6,24,"other","south","female","worker","manufacturing","no","yes",36
"130",4.5,12,16,34,"hispanic","south","male","worker","other","no","no",256
"131",6,12,1,19,"hispanic","south","male","worker","other","yes","no",1
"132",5.5,12,3,21,"cauc","other","male","worker","manufacturing","no","no",9
"133",13,12,8,26,"cauc","other","male","worker","other","no","yes",64
"134",5.65,14,2,22,"cauc","other","male","worker","manufacturing","no","no",4
"135",4.8,9,16,31,"other","other","male","worker","manufacturing","no","no",256
"136",7,10,9,25,"cauc","south","male","worker","construction","no","yes",81
"137",5.25,12,2,20,"cauc","other","male","worker","other","no","no",4
"138",3.35,7,43,56,"cauc","south","male","worker","manufacturing","no","yes",1849
"139",8.5,9,38,53,"cauc","other","male","worker","manufacturing","no","yes",1444
"140",6,12,9,27,"cauc","other","male","worker","other","no","yes",81
"141",6.75,12,12,30,"cauc","south","male","worker","other","no","yes",144
"142",8.89,12,18,36,"cauc","other","male","worker","manufacturing","no","yes",324
"143",14.21,11,15,32,"cauc","other","male","worker","manufacturing","yes","no",225
"144",10.78,11,28,45,"other","south","male","worker","construction","yes","yes",784
"145",8.9,10,27,43,"cauc","south","male","worker","construction","yes","yes",729
"146",7.5,12,38,56,"cauc","south","male","worker","other","no","yes",1444
"147",4.5,12,3,21,"cauc","other","female","worker","manufacturing","no","no",9
"148",11.25,12,41,59,"cauc","other","male","worker","other","yes","yes",1681
"149",13.45,12,16,34,"cauc","south","male","worker","other","yes","yes",256
"150",6,13,7,26,"cauc","south","male","worker","manufacturing","no","yes",49
"151",4.62,6,33,45,"other","south","female","worker","manufacturing","no","no",1089
"152",10.58,14,25,45,"cauc","other","male","worker","manufacturing","no","yes",625
"153",5,12,5,23,"cauc","south","male","worker","other","no","yes",25
"154",8.2,14,17,37,"other","south","male","worker","other","no","no",289
"155",6.25,12,1,19,"cauc","south","male","worker","other","no","no",1
"156",8.5,12,13,31,"cauc","other","male","worker","manufacturing","no","yes",169
"157",24.98,16,18,40,"cauc","other","male","management","other","no","yes",324
"158",16.65,14,21,41,"cauc","south","male","management","other","no","yes",441
"159",6.25,14,2,22,"cauc","other","male","management","other","no","no",4
"160",4.55,12,4,22,"hispanic","south","female","management","other","no","no",16
"161",11.25,12,30,48,"hispanic","south","female","management","other","no","yes",900
"162",21.25,13,32,51,"cauc","other","male","management","other","no","no",1024
"163",12.65,17,13,36,"cauc","other","female","management","other","no","yes",169
"164",7.5,12,17,35,"cauc","other","male","management","other","no","no",289
"165",10.25,14,26,46,"cauc","other","female","management","other","no","yes",676
"166",3.35,16,9,31,"cauc","other","male","management","other","no","no",81
"167",13.45,16,8,30,"other","other","male","management","other","no","no",64
"168",4.84,15,1,22,"cauc","other","male","management","other","yes","yes",1
"169",26.29,17,32,55,"cauc","south","male","management","other","no","yes",1024
"170",6.58,12,24,42,"cauc","other","female","management","other","no","yes",576
"171",44.5,14,1,21,"cauc","other","female","management","other","no","no",1
"172",15,12,42,60,"cauc","other","male","management","manufacturing","no","yes",1764
"173",11.25,16,3,25,"other","other","female","management","manufacturing","no","no",9
"174",7,12,32,50,"cauc","other","female","management","other","no","yes",1024
"175",10,14,22,42,"other","other","male","management","other","no","no",484
"176",14.53,16,18,40,"cauc","other","male","management","other","no","yes",324
"177",20,18,19,43,"cauc","other","female","management","other","no","yes",361
"178",22.5,15,12,33,"cauc","other","male","management","other","no","yes",144
"179",3.64,12,42,60,"cauc","other","female","management","other","no","yes",1764
"180",10.62,12,34,52,"cauc","south","male","management","other","no","yes",1156
"181",24.98,18,29,53,"cauc","other","male","management","other","no","yes",841
"182",6,16,8,30,"cauc","south","male","management","other","no","no",64
"183",19,18,13,37,"cauc","other","male","management","manufacturing","no","no",169
"184",13.2,16,10,32,"cauc","other","male","management","other","no","no",100
"185",22.5,16,22,44,"cauc","other","male","management","other","no","yes",484
"186",15,16,10,32,"cauc","south","male","management","other","no","yes",100
"187",6.88,17,15,38,"cauc","other","female","management","other","no","yes",225
"188",11.84,12,26,44,"cauc","other","male","management","other","no","yes",676
"189",16.14,14,16,36,"cauc","other","male","management","other","no","no",256
"190",13.95,18,14,38,"cauc","other","female","management","other","no","yes",196
"191",13.16,12,38,56,"cauc","other","female","management","other","no","yes",1444
"192",5.3,12,14,32,"other","south","male","management","other","no","yes",196
"193",4.5,12,7,25,"cauc","other","female","management","other","no","yes",49
"194",10,18,13,37,"cauc","south","female","management","other","no","no",169
"195",10,10,20,36,"cauc","other","male","management","other","no","yes",400
"196",10,16,7,29,"hispanic","other","male","management","other","yes","yes",49
"197",9.37,16,26,48,"cauc","other","female","management","other","no","yes",676
"198",5.8,16,14,36,"cauc","other","male","management","other","no","yes",196
"199",17.86,13,36,55,"cauc","other","male","management","other","no","no",1296
"200",1,12,24,42,"cauc","other","male","management","other","no","yes",576
"201",8.8,14,41,61,"cauc","south","male","management","other","no","yes",1681
"202",9,16,7,29,"other","other","male","management","other","no","yes",49
"203",18.16,17,14,37,"cauc","south","male","management","other","no","no",196
"204",7.81,12,1,19,"cauc","south","female","management","other","no","no",1
"205",10.62,16,6,28,"cauc","other","female","management","manufacturing","no","yes",36
"206",4.5,12,3,21,"cauc","other","female","management","other","no","yes",9
"207",17.25,15,31,52,"cauc","other","male","management","other","no","yes",961
"208",10.5,13,14,33,"cauc","other","female","management","manufacturing","no","yes",196
"209",9.22,14,13,33,"cauc","other","female","management","other","no","yes",169
"210",15,16,26,48,"other","other","male","management","manufacturing","yes","yes",676
"211",22.5,18,14,38,"cauc","other","male","management","other","no","yes",196
"212",4.55,13,33,52,"cauc","other","female","sales","other","no","yes",1089
"213",9,12,16,34,"cauc","other","male","sales","other","no","yes",256
"214",13.33,18,10,34,"cauc","other","male","sales","other","no","yes",100
"215",15,14,22,42,"cauc","other","male","sales","other","no","no",484
"216",7.5,14,2,22,"cauc","other","male","sales","other","no","no",4
"217",4.25,12,29,47,"cauc","south","female","sales","other","no","yes",841
"218",12.5,12,43,61,"cauc","other","male","sales","manufacturing","no","yes",1849
"219",5.13,12,5,23,"cauc","other","female","sales","other","no","yes",25
"220",3.35,16,14,36,"other","south","female","sales","other","no","yes",196
"221",11.11,12,28,46,"cauc","south","male","sales","other","no","yes",784
"222",3.84,11,25,42,"other","south","female","sales","other","no","yes",625
"223",6.4,12,45,63,"cauc","other","female","sales","other","no","yes",2025
"224",5.56,14,5,25,"cauc","south","male","sales","other","no","no",25
"225",10,12,20,38,"cauc","south","male","sales","manufacturing","no","yes",400
"226",5.65,16,6,28,"cauc","other","female","sales","other","no","yes",36
"227",11.5,16,16,38,"cauc","other","male","sales","other","no","yes",256
"228",3.5,11,33,50,"cauc","other","female","sales","other","no","yes",1089
"229",3.35,13,2,21,"cauc","south","female","sales","other","no","yes",4
"230",4.75,12,10,28,"cauc","south","female","sales","other","no","no",100
"231",19.98,14,44,64,"cauc","south","male","sales","other","no","yes",1936
"232",3.5,14,6,26,"cauc","south","female","sales","other","no","yes",36
"233",4,12,15,33,"cauc","other","female","sales","other","no","no",225
"234",7,12,5,23,"cauc","other","male","sales","other","no","yes",25
"235",6.25,13,4,23,"cauc","other","female","sales","manufacturing","no","yes",16
"236",4.5,14,14,34,"cauc","other","male","sales","other","no","yes",196
"237",14.29,14,32,52,"cauc","other","female","sales","other","no","yes",1024
"238",5,12,14,32,"cauc","other","female","sales","other","no","yes",196
"239",13.75,14,21,41,"cauc","other","male","sales","other","no","yes",441
"240",13.71,12,43,61,"cauc","other","male","sales","other","yes","yes",1849
"241",7.5,12,27,45,"other","south","female","sales","other","no","yes",729
"242",3.8,12,4,22,"cauc","other","female","sales","other","no","no",16
"243",5,14,0,20,"hispanic","other","male","sales","other","no","no",0
"244",9.42,12,32,50,"cauc","south","male","sales","other","no","yes",1024
"245",5.5,12,20,38,"cauc","other","male","sales","other","no","yes",400
"246",3.75,15,4,25,"cauc","south","male","sales","other","no","no",16
"247",3.5,12,34,52,"cauc","other","male","sales","other","no","yes",1156
"248",5.8,13,5,24,"cauc","other","male","sales","other","no","no",25
"249",12,17,13,36,"cauc","other","male","sales","manufacturing","no","yes",169
"250",5,14,17,37,"hispanic","other","female","office","other","no","yes",289
"251",8.75,13,10,29,"cauc","south","female","office","other","no","yes",100
"252",10,16,7,29,"cauc","other","female","office","other","no","yes",49
"253",8.5,12,25,43,"cauc","other","female","office","other","no","no",625
"254",8.63,12,18,36,"other","other","female","office","other","no","yes",324
"255",9,16,27,49,"cauc","other","female","office","manufacturing","no","yes",729
"256",5.5,16,2,24,"cauc","other","female","office","other","no","no",4
"257",11.11,13,13,32,"cauc","other","male","office","other","no","yes",169
"258",10,14,24,44,"cauc","other","female","office","other","no","no",576
"259",5.2,18,13,37,"hispanic","south","female","office","other","no","yes",169
"260",8,14,15,35,"cauc","other","female","office","other","yes","no",225
"261",3.56,12,12,30,"hispanic","south","female","office","other","no","no",144
"262",5.2,12,24,42,"cauc","other","female","office","other","no","yes",576
"263",11.67,12,43,61,"cauc","other","female","office","construction","no","yes",1849
"264",11.32,12,13,31,"cauc","other","female","office","manufacturing","no","yes",169
"265",7.5,12,16,34,"cauc","south","female","office","other","no","yes",256
"266",5.5,11,24,41,"cauc","other","female","office","other","no","yes",576
"267",5,16,4,26,"cauc","south","female","office","other","no","yes",16
"268",7.75,12,24,42,"cauc","other","female","office","other","no","yes",576
"269",5.25,12,45,63,"cauc","other","female","office","other","no","yes",2025
"270",9,12,20,38,"cauc","other","male","office","other","yes","yes",400
"271",9.65,12,38,56,"cauc","other","female","office","other","no","yes",1444
"272",5.21,18,10,34,"cauc","south","male","office","other","no","yes",100
"273",7,11,16,33,"other","other","female","office","other","no","yes",256
"274",12.16,12,32,50,"other","south","female","office","other","no","yes",1024
"275",5.25,16,2,24,"cauc","south","female","office","other","no","no",4
"276",10.32,13,28,47,"cauc","south","female","office","other","no","no",784
"277",3.35,16,3,25,"other","other","male","office","other","no","no",9
"278",7.7,13,8,27,"cauc","other","female","office","other","yes","no",64
"279",9.17,12,44,62,"cauc","other","female","office","manufacturing","no","yes",1936
"280",8.43,12,12,30,"cauc","south","male","office","other","no","yes",144
"281",4,12,8,26,"other","south","male","office","other","no","yes",64
"282",4.13,12,4,22,"cauc","other","female","office","other","no","yes",16
"283",3,12,28,46,"cauc","south","female","office","other","no","yes",784
"284",4.25,13,0,19,"cauc","south","female","office","other","no","no",0
"285",7.53,14,1,21,"cauc","south","male","office","other","no","no",1
"286",10.53,14,12,32,"cauc","other","female","office","manufacturing","no","yes",144
"287",5,12,39,57,"cauc","other","female","office","other","no","yes",1521
"288",15.03,12,24,42,"cauc","other","female","office","other","no","yes",576
"289",11.25,17,32,55,"other","other","female","office","other","no","yes",1024
"290",6.25,16,4,26,"other","other","male","office","other","no","no",16
"291",3.5,12,25,43,"other","other","female","office","other","no","no",625
"292",6.85,12,8,26,"other","other","male","office","other","no","no",64
"293",12.5,13,16,35,"cauc","other","female","office","other","no","yes",256
"294",12,12,5,23,"cauc","south","male","office","other","no","no",25
"295",6,13,31,50,"cauc","other","male","office","other","no","no",961
"296",9.5,12,25,43,"cauc","other","female","office","other","no","no",625
"297",4.1,12,15,33,"cauc","other","female","office","other","no","yes",225
"298",10.43,14,15,35,"cauc","south","female","office","other","no","yes",225
"299",5,12,0,18,"cauc","other","female","office","other","no","no",0
"300",7.69,12,19,37,"cauc","other","male","office","other","no","yes",361
"301",5.5,12,21,39,"other","other","female","office","other","no","no",441
"302",6.4,12,6,24,"cauc","other","female","office","other","no","no",36
"303",12.5,12,14,32,"cauc","other","female","office","other","yes","yes",196
"304",6.25,13,30,49,"cauc","other","female","office","other","no","yes",900
"305",8,12,8,26,"cauc","other","female","office","other","no","no",64
"306",9.6,9,33,48,"cauc","other","male","office","other","yes","no",1089
"307",9.1,13,16,35,"hispanic","other","male","office","other","no","no",256
"308",7.5,12,20,38,"cauc","south","female","office","other","no","no",400
"309",5,13,6,25,"cauc","south","female","office","other","no","yes",36
"310",7,12,10,28,"cauc","other","female","office","other","yes","yes",100
"311",3.55,13,1,20,"cauc","south","female","office","other","no","no",1
"312",8.5,12,2,20,"other","south","male","office","other","no","no",4
"313",4.5,13,0,19,"cauc","south","female","office","other","no","no",0
"314",7.88,16,17,39,"other","other","male","office","other","no","yes",289
"315",5.25,12,8,26,"cauc","other","female","office","other","no","no",64
"316",5,12,4,22,"cauc","south","male","office","other","no","no",16
"317",9.33,12,15,33,"cauc","other","female","office","other","no","no",225
"318",10.5,12,29,47,"cauc","other","female","office","other","no","yes",841
"319",7.5,12,23,41,"other","south","female","office","other","no","yes",529
"320",9.5,12,39,57,"cauc","south","female","office","other","no","yes",1521
"321",9.6,12,14,32,"cauc","south","female","office","other","no","yes",196
"322",5.87,17,6,29,"other","south","female","office","other","no","no",36
"323",11.02,14,12,32,"cauc","south","male","office","other","yes","yes",144
"324",5,12,26,44,"cauc","south","female","office","other","no","no",676
"325",5.62,14,32,52,"cauc","other","female","office","other","no","yes",1024
"326",12.5,15,6,27,"cauc","other","female","office","other","no","yes",36
"327",10.81,12,40,58,"cauc","other","female","office","other","no","yes",1600
"328",5.4,12,18,36,"cauc","other","female","office","manufacturing","no","yes",324
"329",7,11,12,29,"cauc","other","female","office","other","no","no",144
"330",4.59,12,36,54,"cauc","south","female","office","construction","no","yes",1296
"331",6,12,19,37,"cauc","other","female","office","other","no","yes",361
"332",11.71,16,42,64,"cauc","other","female","office","manufacturing","no","no",1764
"333",5.62,13,2,21,"hispanic","other","female","office","other","no","yes",4
"334",5.5,12,33,51,"cauc","other","female","office","other","no","yes",1089
"335",4.85,12,14,32,"cauc","south","female","office","other","no","yes",196
"336",6.75,12,22,40,"cauc","other","male","office","other","no","no",484
"337",4.25,12,20,38,"cauc","other","female","office","other","no","yes",400
"338",5.75,12,15,33,"cauc","other","female","office","other","no","yes",225
"339",3.5,12,35,53,"cauc","other","male","office","other","no","yes",1225
"340",3.35,12,7,25,"cauc","other","female","office","other","no","yes",49
"341",10.62,12,45,63,"cauc","other","female","office","manufacturing","no","no",2025
"342",8,12,9,27,"cauc","other","female","office","other","no","no",81
"343",4.75,12,2,20,"cauc","south","female","office","other","no","yes",4
"344",8.5,17,3,26,"cauc","south","male","office","other","no","no",9
"345",8.85,14,19,39,"other","other","female","office","other","yes","yes",361
"346",8,12,14,32,"cauc","south","female","office","other","no","yes",196
"347",6,4,54,64,"cauc","other","male","services","other","no","yes",2916
"348",7.14,14,17,37,"cauc","other","male","services","other","no","yes",289
"349",3.4,8,29,43,"other","other","female","services","other","no","yes",841
"350",6,15,26,47,"cauc","south","female","services","other","no","no",676
"351",3.75,2,16,24,"hispanic","other","male","services","other","no","no",256
"352",8.89,8,29,43,"other","other","female","services","other","no","no",841
"353",4.35,11,20,37,"cauc","other","female","services","other","no","yes",400
"354",13.1,10,38,54,"other","south","female","services","other","no","yes",1444
"355",4.35,8,37,51,"other","south","female","services","other","no","yes",1369
"356",3.5,9,48,63,"cauc","other","male","services","other","no","no",2304
"357",3.8,12,16,34,"cauc","other","female","services","other","no","no",256
"358",5.26,8,38,52,"cauc","other","female","services","other","no","yes",1444
"359",3.35,14,0,20,"other","other","male","services","other","no","no",0
"360",16.26,12,14,32,"other","other","male","services","other","yes","no",196
"361",4.25,12,2,20,"cauc","other","female","services","other","no","yes",4
"362",4.5,16,21,43,"cauc","other","male","services","other","no","yes",441
"363",8,13,15,34,"cauc","other","female","services","other","no","yes",225
"364",4,16,20,42,"cauc","other","female","services","other","no","no",400
"365",7.96,14,12,32,"cauc","other","female","services","other","no","yes",144
"366",4,12,7,25,"hispanic","south","male","services","other","no","no",49
"367",4.15,11,4,21,"cauc","other","male","services","other","no","yes",16
"368",5.95,13,9,28,"cauc","south","male","services","other","no","yes",81
"369",3.6,12,43,61,"hispanic","south","female","services","other","no","yes",1849
"370",8.75,10,19,35,"cauc","south","male","services","other","no","no",361
"371",3.4,8,49,63,"cauc","other","female","services","other","no","no",2401
"372",4.28,12,38,56,"cauc","other","female","services","other","no","yes",1444
"373",5.35,12,13,31,"cauc","other","female","services","other","no","yes",169
"374",5,12,14,32,"cauc","other","female","services","other","no","yes",196
"375",7.65,12,20,38,"cauc","other","male","services","other","no","no",400
"376",6.94,12,7,25,"cauc","other","female","services","other","no","no",49
"377",7.5,12,9,27,"cauc","other","female","services","manufacturing","yes","yes",81
"378",3.6,12,6,24,"cauc","other","female","services","other","no","no",36
"379",1.75,12,5,23,"cauc","south","female","services","other","no","yes",25
"380",3.45,13,1,20,"other","south","female","services","other","no","no",1
"381",9.63,14,22,42,"cauc","other","male","services","other","yes","yes",484
"382",8.49,12,24,42,"cauc","other","female","services","other","no","yes",576
"383",8.99,12,15,33,"cauc","other","female","services","other","yes","no",225
"384",3.65,11,8,25,"cauc","south","female","services","other","no","yes",64
"385",3.5,11,17,34,"cauc","south","female","services","other","no","yes",289
"386",3.43,12,2,20,"other","south","male","services","other","no","no",4
"387",5.5,12,20,38,"cauc","south","male","services","other","no","yes",400
"388",6.93,12,26,44,"cauc","other","male","services","other","yes","yes",676
"389",3.51,10,37,53,"other","south","female","services","other","no","yes",1369
"390",3.75,12,41,59,"cauc","other","female","services","other","no","no",1681
"391",4.17,12,27,45,"cauc","other","female","services","other","no","yes",729
"392",9.57,12,5,23,"cauc","other","female","services","other","yes","yes",25
"393",14.67,14,16,36,"other","other","male","services","other","no","yes",256
"394",12.5,14,19,39,"cauc","other","female","services","other","no","yes",361
"395",5.5,12,10,28,"cauc","other","male","services","other","no","yes",100
"396",5.15,13,1,20,"cauc","south","male","services","other","yes","no",1
"397",8,12,43,61,"other","other","female","services","other","yes","yes",1849
"398",5.83,13,3,22,"other","other","male","services","other","no","no",9
"399",3.35,12,0,18,"cauc","other","female","services","other","no","no",0
"400",7,12,26,44,"cauc","south","female","services","other","no","yes",676
"401",10,10,25,41,"cauc","other","female","services","other","yes","yes",625
"402",8,12,15,33,"cauc","other","female","services","other","no","yes",225
"403",6.88,14,10,30,"cauc","south","female","services","other","no","no",100
"404",5.55,11,45,62,"cauc","other","female","services","other","yes","no",2025
"405",7.5,11,3,20,"other","other","male","services","other","no","no",9
"406",8.93,8,47,61,"hispanic","other","male","services","other","yes","yes",2209
"407",9,16,6,28,"other","other","female","services","other","no","yes",36
"408",3.5,10,33,49,"cauc","south","female","services","other","no","no",1089
"409",5.77,16,3,25,"cauc","other","male","services","manufacturing","no","no",9
"410",25,14,4,24,"hispanic","other","male","services","other","yes","no",16
"411",6.85,14,34,54,"other","other","male","services","other","yes","yes",1156
"412",6.5,11,39,56,"cauc","south","male","services","other","no","yes",1521
"413",3.75,12,17,35,"cauc","south","female","services","other","no","yes",289
"414",3.5,9,47,62,"cauc","other","male","services","other","yes","yes",2209
"415",4.5,11,2,19,"cauc","other","male","services","other","no","no",4
"416",2.01,13,0,19,"cauc","south","male","services","other","no","no",0
"417",4.17,14,24,44,"cauc","other","female","services","other","no","no",576
"418",13,12,25,43,"other","other","male","services","other","yes","yes",625
"419",3.98,14,6,26,"cauc","other","female","services","other","no","no",36
"420",7.5,12,10,28,"cauc","other","female","services","other","no","no",100
"421",13.12,12,33,51,"other","other","female","services","other","no","yes",1089
"422",4,12,12,30,"cauc","other","male","services","other","no","no",144
"423",3.95,12,9,27,"cauc","south","female","services","other","no","yes",81
"424",13,11,18,35,"cauc","south","male","services","other","yes","yes",324
"425",9,12,10,28,"cauc","other","male","services","other","no","yes",100
"426",4.55,8,45,59,"cauc","south","female","services","other","no","no",2025
"427",9.5,9,46,61,"cauc","other","female","services","other","yes","yes",2116
"428",4.5,7,14,27,"hispanic","south","male","services","other","no","yes",196
"429",8.75,11,36,53,"cauc","other","female","services","other","no","no",1296
"430",10,13,34,53,"cauc","other","male","technical","construction","yes","yes",1156
"431",18,18,15,39,"cauc","other","male","technical","other","no","yes",225
"432",24.98,17,31,54,"cauc","other","male","technical","manufacturing","no","yes",961
"433",12.05,16,6,28,"cauc","other","female","technical","manufacturing","no","no",36
"434",22,14,15,35,"cauc","south","male","technical","other","no","yes",225
"435",8.75,12,30,48,"cauc","other","male","technical","other","no","yes",900
"436",22.2,18,8,32,"cauc","other","male","technical","other","no","yes",64
"437",17.25,18,5,29,"cauc","other","male","technical","manufacturing","no","yes",25
"438",6,17,3,26,"cauc","other","female","technical","other","yes","no",9
"439",8.06,13,17,36,"cauc","south","male","technical","other","no","yes",289
"440",9.24,16,5,27,"other","other","male","technical","manufacturing","yes","yes",25
"441",12,14,10,30,"cauc","other","female","technical","other","no","yes",100
"442",10.61,15,33,54,"cauc","other","female","technical","other","no","no",1089
"443",5.71,18,3,27,"cauc","other","male","technical","other","no","yes",9
"444",10,16,0,18,"cauc","other","female","technical","other","no","no",0
"445",17.5,16,13,35,"other","south","male","technical","other","no","yes",169
"446",15,18,12,36,"cauc","other","male","technical","other","no","yes",144
"447",7.78,16,6,28,"cauc","other","female","technical","other","no","yes",36
"448",7.8,17,7,30,"cauc","other","male","technical","other","no","yes",49
"449",10,16,14,36,"cauc","south","male","technical","other","yes","yes",196
"450",24.98,17,5,28,"cauc","other","female","technical","other","no","no",25
"451",10.28,15,10,31,"cauc","south","female","technical","other","no","yes",100
"452",15,18,11,35,"cauc","other","female","technical","other","no","yes",121
"453",12,17,24,47,"cauc","other","female","technical","other","no","yes",576
"454",10.58,16,9,31,"cauc","other","male","technical","manufacturing","no","no",81
"455",5.85,18,12,36,"cauc","south","male","technical","other","no","yes",144
"456",11.22,18,19,43,"cauc","other","male","technical","other","no","yes",361
"457",8.56,14,14,34,"cauc","other","female","technical","other","no","yes",196
"458",13.89,16,17,39,"cauc","other","female","technical","manufacturing","no","no",289
"459",5.71,18,7,31,"cauc","south","male","technical","other","no","no",49
"460",15.79,18,7,31,"cauc","other","male","technical","other","no","yes",49
"461",7.5,16,22,44,"cauc","other","female","technical","other","no","yes",484
"462",11.25,12,28,46,"cauc","other","female","technical","other","no","yes",784
"463",6.15,16,16,38,"cauc","other","female","technical","other","no","no",256
"464",13.45,16,16,38,"other","south","male","technical","other","no","no",256
"465",6.25,16,7,29,"cauc","other","female","technical","other","no","yes",49
"466",6.5,12,11,29,"cauc","other","female","technical","other","no","no",121
"467",12,12,11,29,"cauc","other","female","technical","other","no","yes",121
"468",8.5,12,16,34,"cauc","other","female","technical","other","no","no",256
"469",8,18,33,57,"cauc","other","male","technical","other","yes","no",1089
"470",5.75,12,21,39,"cauc","south","female","technical","other","no","yes",441
"471",15.73,16,4,26,"cauc","other","male","technical","manufacturing","no","yes",16
"472",9.86,15,13,34,"cauc","other","male","technical","other","no","yes",169
"473",13.51,18,14,38,"cauc","other","male","technical","other","yes","yes",196
"474",5.4,16,10,32,"cauc","other","female","technical","other","no","yes",100
"475",6.25,18,14,38,"cauc","south","male","technical","other","no","yes",196
"476",5.5,16,29,51,"cauc","south","male","technical","other","no","yes",841
"477",5,12,4,22,"hispanic","other","male","technical","other","no","no",16
"478",6.25,18,27,51,"other","other","male","technical","other","no","yes",729
"479",5.75,12,3,21,"cauc","other","male","technical","other","no","yes",9
"480",20.5,16,14,36,"cauc","south","male","technical","other","yes","yes",196
"481",5,14,0,20,"cauc","other","male","technical","construction","no","yes",0
"482",7,18,33,57,"cauc","other","male","technical","other","no","yes",1089
"483",18,16,38,60,"cauc","south","male","technical","other","no","yes",1444
"484",12,18,18,42,"cauc","other","female","technical","other","yes","yes",324
"485",20.4,17,3,26,"cauc","other","male","technical","manufacturing","no","no",9
"486",22.2,18,40,64,"cauc","other","female","technical","other","no","no",1600
"487",16.42,14,19,39,"cauc","other","male","technical","manufacturing","no","no",361
"488",8.63,14,4,24,"cauc","other","female","technical","other","no","no",16
"489",19.38,16,11,33,"cauc","other","female","technical","other","no","yes",121
"490",14,16,16,38,"cauc","other","female","technical","other","no","yes",256
"491",10,14,22,42,"cauc","other","male","technical","other","no","yes",484
"492",15.95,17,13,36,"cauc","other","female","technical","other","yes","no",169
"493",20,16,28,50,"cauc","south","female","technical","other","yes","yes",784
"494",10,16,10,32,"cauc","other","female","technical","other","no","yes",100
"495",24.98,16,5,27,"cauc","south","female","technical","other","no","no",25
"496",11.25,15,5,26,"cauc","other","male","technical","other","no","no",25
"497",22.83,18,37,61,"cauc","other","female","technical","manufacturing","no","no",1369
"498",10.2,17,26,49,"cauc","other","female","technical","other","yes","yes",676
"499",10,16,4,26,"cauc","south","female","technical","other","no","yes",16
"500",14,18,31,55,"cauc","other","female","technical","other","yes","no",961
"501",12.5,17,13,36,"cauc","other","female","technical","other","yes","yes",169
"502",5.79,12,42,60,"cauc","other","female","technical","other","no","yes",1764
"503",24.98,17,18,41,"hispanic","other","male","technical","other","no","yes",324
"504",4.35,12,3,21,"cauc","other","female","technical","other","no","yes",9
"505",11.25,17,10,33,"cauc","other","female","technical","other","no","no",100
"506",6.67,16,10,32,"cauc","other","female","technical","other","yes","no",100
"507",8,16,17,39,"hispanic","other","female","technical","other","no","yes",289
"508",18.16,18,7,31,"cauc","other","male","technical","other","no","yes",49
"509",12,16,14,36,"cauc","other","female","technical","other","no","yes",196
"510",8.89,16,22,44,"cauc","other","female","technical","other","yes","yes",484
"511",9.5,17,14,37,"cauc","other","female","technical","other","no","yes",196
"512",13.65,16,11,33,"cauc","other","male","technical","other","no","yes",121
"513",12,18,23,47,"cauc","other","male","technical","other","yes","yes",529
"514",15,12,39,57,"cauc","other","male","technical","other","yes","yes",1521
"515",12.67,16,15,37,"cauc","other","male","technical","other","no","yes",225
"516",7.38,14,15,35,"hispanic","other","female","technical","other","no","no",225
"517",15.56,16,10,32,"cauc","other","male","technical","other","no","no",100
"518",7.45,12,25,43,"cauc","south","female","technical","other","no","no",625
"519",6.25,14,12,32,"cauc","other","female","technical","other","no","yes",144
"520",6.25,16,7,29,"hispanic","south","female","technical","other","no","yes",49
"521",9.37,17,7,30,"cauc","other","male","technical","other","yes","yes",49
"522",22.5,16,17,39,"cauc","other","male","technical","manufacturing","no","yes",289
"523",7.5,16,10,32,"cauc","other","male","technical","other","yes","yes",100
"524",7,17,2,25,"cauc","south","male","technical","other","no","yes",4
"525",5.75,9,34,49,"other","south","female","technical","other","yes","yes",1156
"526",7.67,15,11,32,"cauc","other","female","technical","other","no","yes",121
"527",12.5,15,10,31,"cauc","other","male","technical","other","no","no",100
"528",16,12,12,30,"cauc","south","male","technical","other","no","yes",144
"529",11.79,16,6,28,"cauc","other","female","technical","other","yes","no",36
"530",11.36,18,5,29,"cauc","other","male","technical","other","no","no",25
"531",6.1,12,33,51,"other","other","female","technical","other","no","yes",1089
"532",23.25,17,25,48,"other","other","female","technical","other","yes","yes",625
"533",19.88,12,13,31,"cauc","south","male","technical","other","yes","yes",169
"534",15.38,16,33,55,"cauc","other","male","technical","manufacturing","no","yes",1089
